consumer_id,charger_anker_nano_67w,charger_anker_prime_100w,charger_apple_35w_duo,charger_samsung_45w,charger_baseus_65w,charger_voltix_65w,charger_ugreen_100w,charger_belkin_25w
0,0.6865,0.5013,0.5391,0.7154,0.5717,0.5742,0.5446,0.6582
1,0.6909,0.5271,0.5785,0.6005,0.6633,0.5509,0.3525,0.6549
2,0.4911,0.3697,0.4351,0.5705,0.4248,0.4142,0.3851,0.5079
3,0.6164,0.6805,0.5443,0.3493,0.5505,0.4224,0.6542,0.2937
4,0.5624,0.5885,0.464,0.3193,0.5318,0.4163,0.5876,0.3132
5,0.4671,0.3144,0.3558,0.5408,0.4275,0.4682,0.2994,0.5465
6,0.7901,0.5891,0.6286,0.6569,0.6488,0.5362,0.4666,0.6388
7,0.704,0.4524,0.5953,0.6586,0.6683,0.5392,0.3957,0.5966
8,0.8256,0.5954,0.663,0.6846,0.6869,0.5494,0.4639,0.6001
9,0.6638,0.6612,0.452,0.3741,0.5807,0.448,0.626,0.3134
10,0.5517,0.6005,0.4047,0.2556,0.4447,0.3267,0.569,0.1964
11,0.5797,0.6375,0.5126,0.4263,0.4851,0.4599,0.5924,0.3369
12,0.7208,0.6532,0.5186,0.559,0.6045,0.5322,0.7259,0.4336
13,0.5097,0.4999,0.6161,0.5417,0.3986,0.3669,0.3961,0.5673
14,0.5746,0.6057,0.4584,0.4314,0.4766,0.4058,0.5996,0.3302
15,0.747,0.6731,0.4802,0.5101,0.7176,0.611,0.6679,0.4277
16,0.5374,0.4022,0.5015,0.4302,0.4401,0.3661,0.228,0.416
17,0.5499,0.5431,0.4246,0.4682,0.534,0.4916,0.5671,0.3815
18,0.6393,0.704,0.5537,0.4995,0.5448,0.509,0.6643,0.4073
19,0.632,0.4439,0.5353,0.4826,0.5453,0.4176,0.3357,0.5072
20,0.6835,0.596,0.4751,0.5727,0.5956,0.5092,0.6618,0.4269
21,0.777,0.6503,0.491,0.5435,0.7725,0.5905,0.6966,0.4351
22,0.6003,0.5189,0.6234,0.5032,0.5349,0.3996,0.3149,0.5225
23,0.5002,0.2911,0.4529,0.5391,0.4371,0.3896,0.3258,0.5904
24,0.6092,0.4998,0.348,0.5015,0.5313,0.4976,0.5484,0.3805
25,0.8299,0.5323,0.6311,0.7706,0.7604,0.6101,0.4657,0.7139
26,0.6371,0.5092,0.6204,0.5328,0.5267,0.4126,0.3783,0.5337
27,0.6075,0.6293,0.4877,0.492,0.4926,0.4418,0.629,0.3781
28,0.6281,0.479,0.5727,0.5052,0.5341,0.4349,0.3736,0.4956
29,0.6142,0.64,0.4685,0.4692,0.5108,0.4513,0.6295,0.3498
30,0.6505,0.5789,0.5885,0.6897,0.5515,0.5602,0.5582,0.6441
31,0.6114,0.3736,0.363,0.6805,0.576,0.5337,0.4204,0.6
32,0.7755,0.6605,0.4836,0.5456,0.6851,0.5289,0.6915,0.4361
33,0.5187,0.5299,0.3881,0.4036,0.4583,0.4027,0.5528,0.3104
34,0.5746,0.4407,0.4727,0.6452,0.5138,0.5264,0.4534,0.585
35,0.7064,0.6618,0.6643,0.6989,0.5852,0.6076,0.5498,0.6261
36,0.7451,0.5106,0.5751,0.6054,0.6428,0.5098,0.3715,0.5474
37,0.5761,0.5409,0.3886,0.4657,0.5837,0.4877,0.5339,0.4164
38,0.5935,0.3638,0.5441,0.7266,0.6671,0.6277,0.3991,0.8129
39,0.656,0.5294,0.5265,0.6889,0.5243,0.56,0.5349,0.6173
40,0.5027,0.4214,0.566,0.5595,0.4404,0.4093,0.4126,0.6356
41,0.7775,0.6563,0.6956,0.6266,0.6304,0.5232,0.5275,0.6349
42,0.5993,0.5223,0.344,0.3551,0.5667,0.4124,0.5636,0.264
43,0.6675,0.4868,0.5927,0.5495,0.5655,0.4443,0.3955,0.5609
44,0.5673,0.532,0.3964,0.2906,0.4688,0.3432,0.535,0.2091
45,0.5454,0.372,0.4257,0.6087,0.4747,0.5029,0.4164,0.5231
46,0.6056,0.5213,0.5662,0.6379,0.5044,0.4982,0.4922,0.5658
47,0.7415,0.5199,0.5389,0.7453,0.6007,0.6019,0.5746,0.6764
48,0.682,0.5794,0.6347,0.5074,0.5454,0.4298,0.4343,0.5342
49,0.7423,0.4742,0.521,0.7705,0.6223,0.6091,0.5966,0.6676
50,0.6239,0.4267,0.4764,0.6177,0.5023,0.4946,0.4687,0.5657
51,0.627,0.4959,0.5119,0.6449,0.4914,0.4966,0.5165,0.572
52,0.5304,0.5526,0.4002,0.487,0.5434,0.5433,0.4934,0.4982
53,0.7359,0.5112,0.5996,0.6111,0.6514,0.5139,0.3701,0.6119
54,0.6193,0.5528,0.4248,0.5095,0.5938,0.5089,0.6022,0.414
55,0.4769,0.313,0.4112,0.5433,0.4337,0.4128,0.281,0.5878
56,0.6401,0.4139,0.5353,0.7027,0.5709,0.5345,0.4463,0.7218
57,0.5856,0.4866,0.4632,0.615,0.4743,0.4929,0.4432,0.5545
58,0.5164,0.3235,0.3138,0.5871,0.5044,0.4961,0.3097,0.5578
59,0.6942,0.6119,0.5765,0.7148,0.5958,0.5919,0.5429,0.6272
60,0.5054,0.5489,0.4102,0.3756,0.4868,0.4518,0.5374,0.3872
61,0.4064,0.2367,0.432,0.4829,0.3737,0.3501,0.237,0.5478
62,0.7256,0.6768,0.5329,0.5852,0.5873,0.5293,0.7264,0.4222
63,0.651,0.53,0.626,0.527,0.5461,0.439,0.4107,0.5173
64,0.5611,0.4521,0.5579,0.4749,0.4942,0.3941,0.3216,0.4666
65,0.6069,0.6614,0.4987,0.5052,0.5642,0.4632,0.6231,0.3918
66,0.5521,0.5044,0.3722,0.4604,0.4811,0.4264,0.5504,0.3479
67,0.6504,0.3915,0.5399,0.7125,0.6083,0.5365,0.443,0.7378
68,0.768,0.7024,0.7944,0.6379,0.7141,0.5676,0.4982,0.6303
69,0.605,0.5945,0.4424,0.4891,0.5264,0.5002,0.6065,0.3904
70,0.6522,0.486,0.581,0.5784,0.6821,0.5865,0.2983,0.6953
71,0.5805,0.4197,0.4069,0.6228,0.5323,0.5386,0.3827,0.6204
72,0.5428,0.3846,0.5265,0.6326,0.5763,0.5119,0.3868,0.704
73,0.6767,0.6961,0.5542,0.5555,0.5614,0.5337,0.7387,0.4024
74,0.5715,0.4133,0.5365,0.4747,0.516,0.3834,0.2828,0.4945
75,0.6265,0.6574,0.4848,0.3519,0.5277,0.371,0.6061,0.2356
76,0.5351,0.3329,0.4756,0.6116,0.4928,0.4483,0.3457,0.6393
77,0.6167,0.4023,0.3934,0.6559,0.5047,0.4858,0.4222,0.5443
78,0.6223,0.5324,0.6636,0.6436,0.4999,0.4793,0.5417,0.6892
79,0.6452,0.3211,0.332,0.7006,0.5724,0.5762,0.3912,0.612
80,0.6626,0.681,0.4964,0.3761,0.5683,0.4338,0.6747,0.3139
81,0.5481,0.5388,0.3915,0.4313,0.4716,0.408,0.5398,0.3236
82,0.5905,0.2914,0.3461,0.6397,0.5316,0.5311,0.3747,0.6026
83,0.571,0.372,0.4704,0.5093,0.517,0.3926,0.2468,0.4576
84,0.5232,0.3145,0.3515,0.6719,0.5467,0.6205,0.2996,0.6699
85,0.6252,0.6489,0.5366,0.4955,0.5354,0.463,0.6723,0.339
86,0.5442,0.3691,0.4563,0.4657,0.4994,0.3582,0.2236,0.4523
87,0.7088,0.6003,0.4613,0.4068,0.5768,0.4516,0.6667,0.3249
88,0.5573,0.5704,0.4036,0.2879,0.4798,0.3308,0.5736,0.1926
89,0.6027,0.6269,0.4919,0.4695,0.5088,0.4791,0.63,0.3221
90,0.6288,0.6615,0.5024,0.357,0.5111,0.3892,0.64,0.2858
91,0.6274,0.5679,0.4452,0.5164,0.5192,0.4628,0.6386,0.3896
92,0.5601,0.315,0.4648,0.6284,0.4974,0.4864,0.3345,0.6726
93,0.6333,0.5326,0.3966,0.3424,0.5501,0.3959,0.6126,0.2492
94,0.4396,0.4813,0.3548,0.3832,0.5158,0.4847,0.4504,0.4682
95,0.3994,0.2737,0.4338,0.5505,0.4922,0.4924,0.2376,0.7404
96,0.5892,0.422,0.4429,0.6645,0.5844,0.6392,0.3836,0.7172
97,0.6834,0.5391,0.6063,0.555,0.605,0.5184,0.3601,0.6246
98,0.7742,0.7839,0.6392,0.6316,0.6263,0.5691,0.7869,0.4808
99,0.6533,0.5698,0.392,0.5796,0.6632,0.6192,0.5878,0.5354
100,0.6044,0.3806,0.3871,0.6686,0.5128,0.5384,0.4137,0.6128
101,0.5739,0.5093,0.6354,0.4818,0.5385,0.4015,0.3332,0.4662
102,0.7286,0.5108,0.5775,0.6341,0.6799,0.5167,0.3819,0.6233
103,0.5907,0.4639,0.466,0.6204,0.5479,0.4959,0.4337,0.6009
104,0.7374,0.5312,0.5741,0.6538,0.7253,0.5916,0.3378,0.6729
105,0.6893,0.6493,0.5364,0.5342,0.6214,0.548,0.6656,0.4547
106,0.5823,0.3442,0.3832,0.7171,0.5915,0.6445,0.3435,0.694
107,0.7313,0.432,0.4535,0.7775,0.6589,0.6384,0.5246,0.6963
108,0.7595,0.6894,0.7845,0.6192,0.6178,0.496,0.4662,0.6006
109,0.469,0.4924,0.3471,0.2799,0.4909,0.407,0.533,0.2959
110,0.6384,0.4875,0.5334,0.6789,0.559,0.5881,0.5087,0.6266
111,0.6154,0.5863,0.4702,0.4742,0.5376,0.4584,0.6658,0.3227
112,0.6916,0.4087,0.4696,0.8294,0.6882,0.6938,0.5277,0.7247
113,0.5773,0.4264,0.4426,0.65,0.5914,0.5994,0.4054,0.7197
114,0.6213,0.3603,0.3968,0.6874,0.5147,0.5184,0.4499,0.5596
115,0.5115,0.3577,0.4939,0.5696,0.4418,0.4039,0.3268,0.6577
116,0.6355,0.4155,0.4368,0.6198,0.5048,0.4982,0.4743,0.5715
117,0.6424,0.6271,0.4558,0.3839,0.5656,0.4193,0.6172,0.2902
118,0.4881,0.4201,0.5657,0.5331,0.4432,0.3817,0.3771,0.6318
119,0.6462,0.3968,0.4528,0.6932,0.5581,0.5511,0.4707,0.6257
120,0.5956,0.4342,0.4217,0.6423,0.5204,0.5417,0.3819,0.6242
121,0.4841,0.4809,0.3713,0.2731,0.4373,0.2909,0.5125,0.1859
122,0.5212,0.5256,0.4014,0.2521,0.4548,0.3531,0.517,0.2251
123,0.6202,0.553,0.6456,0.5047,0.5601,0.4035,0.3513,0.5016
124,0.5787,0.5013,0.6182,0.4934,0.5267,0.444,0.3682,0.4932
125,0.4398,0.3307,0.4582,0.5052,0.4014,0.3654,0.3468,0.5907
126,0.5398,0.6442,0.5429,0.4636,0.4699,0.409,0.6359,0.3512
127,0.4683,0.3031,0.447,0.5897,0.511,0.5156,0.2348,0.7343
128,0.5617,0.3683,0.3671,0.6229,0.4909,0.4828,0.3543,0.5709
129,0.6559,0.6425,0.4894,0.4139,0.6274,0.4913,0.6332,0.3605
130,0.659,0.5284,0.3971,0.5922,0.6129,0.552,0.6271,0.4217
131,0.5855,0.4153,0.4484,0.6988,0.6217,0.6614,0.3861,0.7804
132,0.6577,0.5464,0.6278,0.5547,0.5653,0.4507,0.3897,0.5074
133,0.5909,0.3394,0.498,0.6184,0.4874,0.4518,0.3705,0.6706
134,0.561,0.4391,0.5314,0.4307,0.5573,0.4272,0.259,0.5586
135,0.4421,0.2885,0.4626,0.5456,0.4815,0.4534,0.267,0.6432
136,0.5367,0.3849,0.522,0.5805,0.442,0.427,0.4253,0.6338
137,0.5358,0.4208,0.4764,0.5944,0.4786,0.4813,0.4258,0.549
138,0.5158,0.4318,0.4821,0.564,0.4551,0.4314,0.3936,0.5205
139,0.5499,0.6236,0.4859,0.4042,0.4581,0.4216,0.5799,0.3444
140,0.7209,0.5705,0.6597,0.57,0.6061,0.468,0.4506,0.5916
141,0.5935,0.4109,0.4893,0.5246,0.6092,0.5014,0.2569,0.5825
142,0.6157,0.6421,0.4607,0.342,0.5683,0.4309,0.5786,0.3781
143,0.5793,0.5719,0.4259,0.3146,0.5075,0.3436,0.5667,0.2357
144,0.6343,0.6281,0.4908,0.5594,0.6275,0.5462,0.644,0.4643
145,0.7151,0.603,0.4796,0.6517,0.7047,0.5946,0.6881,0.5024
146,0.6454,0.6407,0.5024,0.56,0.6032,0.5131,0.6391,0.4562
147,0.6411,0.4606,0.4425,0.6681,0.577,0.5592,0.4506,0.607
148,0.5114,0.5858,0.4212,0.388,0.4401,0.3684,0.5322,0.2906
149,0.6263,0.4733,0.5653,0.5233,0.5486,0.4095,0.3215,0.503
150,0.6488,0.5403,0.4177,0.5523,0.5588,0.4851,0.6224,0.4059
151,0.6352,0.6255,0.4876,0.5381,0.6002,0.5565,0.5933,0.4927
152,0.5378,0.5828,0.4188,0.4661,0.5973,0.5792,0.5651,0.5645
153,0.5847,0.4077,0.4808,0.4833,0.5147,0.4045,0.2474,0.5227
154,0.7461,0.4917,0.5424,0.7797,0.6131,0.601,0.5478,0.6766
155,0.4339,0.3774,0.4928,0.4335,0.3327,0.3373,0.2695,0.5462
156,0.6666,0.6507,0.5181,0.5323,0.5295,0.4821,0.6583,0.411
157,0.583,0.5597,0.6951,0.6236,0.5053,0.4906,0.5029,0.6779
158,0.5347,0.2482,0.4038,0.6397,0.5333,0.4636,0.3346,0.6288
159,0.5714,0.3638,0.4269,0.7074,0.6407,0.6726,0.3719,0.7544
160,0.6346,0.6184,0.4473,0.3704,0.611,0.4518,0.6088,0.3621
161,0.5252,0.3471,0.4651,0.4633,0.4993,0.4016,0.2214,0.4808
162,0.6191,0.6893,0.5354,0.3112,0.5265,0.3725,0.6243,0.2432
163,0.5293,0.3302,0.3419,0.5975,0.4875,0.4993,0.3317,0.5784
164,0.6731,0.5783,0.5838,0.6886,0.5386,0.5477,0.5547,0.6381
165,0.5552,0.5119,0.3323,0.4549,0.5381,0.5382,0.4852,0.3979
166,0.7009,0.7922,0.6542,0.5747,0.5849,0.524,0.7532,0.4427
167,0.8158,0.6584,0.7246,0.6844,0.6851,0.5679,0.5275,0.63
168,0.6707,0.5582,0.4032,0.3904,0.6176,0.4298,0.6145,0.2888
169,0.5335,0.3601,0.3834,0.5643,0.4412,0.4395,0.3471,0.518
170,0.5711,0.5753,0.4395,0.4992,0.5413,0.5132,0.5821,0.3602
171,0.5894,0.4704,0.6234,0.6282,0.4767,0.4766,0.4843,0.6682
172,0.6776,0.4449,0.5216,0.587,0.5863,0.4817,0.3094,0.5674
173,0.5268,0.3793,0.4585,0.4518,0.5341,0.4308,0.205,0.5328
174,0.4623,0.2907,0.3419,0.5677,0.4423,0.5414,0.2633,0.5678
175,0.6491,0.4706,0.6217,0.7094,0.5782,0.5676,0.5577,0.7409
176,0.5933,0.5269,0.5201,0.6333,0.4987,0.5053,0.485,0.5561
177,0.6929,0.4882,0.4872,0.743,0.6023,0.5985,0.5727,0.6592
178,0.6296,0.4062,0.4089,0.667,0.5041,0.5453,0.4707,0.5936
179,0.6674,0.5025,0.4963,0.7014,0.5625,0.5501,0.5167,0.6552
180,0.5662,0.5045,0.5985,0.4752,0.4725,0.3801,0.3094,0.4748
181,0.5347,0.3544,0.3916,0.5581,0.4545,0.4424,0.3748,0.5172
182,0.7167,0.4554,0.4859,0.8035,0.6493,0.617,0.4898,0.6695
183,0.7,0.821,0.6804,0.5871,0.5862,0.5272,0.7556,0.4678
184,0.5928,0.466,0.5209,0.4687,0.4872,0.3794,0.2795,0.4772
185,0.5584,0.4586,0.5465,0.4533,0.4803,0.3638,0.2488,0.4684
186,0.6346,0.4804,0.587,0.4877,0.5413,0.4519,0.3201,0.5108
187,0.4822,0.319,0.4607,0.6121,0.5331,0.5381,0.2692,0.7648
188,0.5028,0.3533,0.4917,0.4783,0.5898,0.4783,0.2017,0.6238
189,0.6142,0.5075,0.5289,0.6438,0.5268,0.5116,0.4818,0.6189
190,0.6139,0.5658,0.6628,0.4932,0.5164,0.4282,0.3418,0.5051
191,0.7163,0.4996,0.5607,0.6176,0.6288,0.5076,0.3971,0.6055
192,0.5372,0.4659,0.3584,0.4639,0.4798,0.4398,0.554,0.3225
193,0.6251,0.5873,0.634,0.4764,0.4994,0.3919,0.3244,0.4651
194,0.5788,0.5806,0.4195,0.333,0.554,0.4218,0.5683,0.3138
195,0.5549,0.5493,0.3887,0.4525,0.49,0.4946,0.5177,0.3946
196,0.7067,0.5983,0.6998,0.5784,0.5826,0.4774,0.4449,0.5606
197,0.5844,0.3967,0.4792,0.4893,0.526,0.4131,0.2211,0.4524
198,0.7968,0.727,0.5564,0.6162,0.6564,0.5648,0.7482,0.4709
199,0.6346,0.4351,0.4734,0.681,0.5422,0.5237,0.4736,0.6251
200,0.6408,0.49,0.4871,0.6356,0.5157,0.5254,0.483,0.6227
201,0.4798,0.554,0.4693,0.3844,0.4396,0.3873,0.5392,0.2734
202,0.6035,0.3973,0.4115,0.6459,0.4905,0.501,0.4155,0.5578
203,0.4679,0.3748,0.5079,0.5142,0.3911,0.3552,0.3262,0.5762
204,0.5127,0.3774,0.402,0.5423,0.4346,0.4875,0.331,0.5911
205,0.591,0.3454,0.5161,0.6244,0.527,0.455,0.4039,0.6708
206,0.5123,0.49,0.3671,0.4335,0.516,0.4492,0.4882,0.3647
207,0.522,0.3492,0.3686,0.5914,0.4908,0.5279,0.3124,0.6159
208,0.4931,0.3232,0.3644,0.5742,0.4335,0.4468,0.3222,0.5303
209,0.4677,0.2789,0.4561,0.5925,0.4412,0.4192,0.3019,0.6165
210,0.5204,0.5702,0.4595,0.2986,0.4815,0.339,0.5586,0.1889
211,0.5425,0.5288,0.3841,0.335,0.5428,0.4774,0.4928,0.3526
212,0.6698,0.5017,0.5784,0.5324,0.5764,0.4569,0.366,0.5379
213,0.6591,0.346,0.3543,0.7296,0.6181,0.6669,0.4334,0.6544
214,0.6631,0.3473,0.4118,0.7365,0.6122,0.5822,0.4308,0.6461
215,0.4471,0.3749,0.5305,0.5258,0.3983,0.3798,0.3512,0.588
216,0.5262,0.4282,0.5655,0.5448,0.4508,0.4081,0.3922,0.6203
217,0.5683,0.6183,0.4245,0.304,0.4641,0.3496,0.5564,0.2402
218,0.6839,0.4266,0.4504,0.7101,0.5679,0.5849,0.4944,0.6527
219,0.5477,0.4062,0.5573,0.6242,0.5023,0.4748,0.3919,0.7013
220,0.726,0.4507,0.5394,0.6591,0.6596,0.5689,0.4121,0.6041
221,0.7675,0.7439,0.6114,0.6212,0.6501,0.5611,0.7859,0.4844
222,0.797,0.7328,0.5321,0.4952,0.6412,0.4913,0.763,0.3642
223,0.4897,0.2897,0.2907,0.606,0.4925,0.5349,0.2472,0.5687
224,0.7857,0.5407,0.6546,0.6561,0.6765,0.5149,0.4243,0.5871
225,0.6156,0.6198,0.4617,0.3543,0.5236,0.3884,0.639,0.2927
226,0.6321,0.5271,0.5485,0.683,0.5668,0.532,0.4819,0.6275
227,0.4589,0.3955,0.5402,0.5212,0.3853,0.3501,0.3424,0.5831
228,0.6339,0.3825,0.4447,0.5634,0.663,0.5303,0.2364,0.6154
229,0.5841,0.3656,0.4905,0.6411,0.5353,0.4658,0.365,0.6827
230,0.5224,0.3836,0.4734,0.4925,0.5661,0.4915,0.1776,0.6156
231,0.6235,0.6092,0.4339,0.5461,0.5541,0.4825,0.6216,0.4075
232,0.7086,0.5055,0.5446,0.7102,0.5771,0.5654,0.587,0.6301
233,0.6545,0.7374,0.5881,0.3771,0.561,0.4301,0.6836,0.278
234,0.6418,0.5941,0.5004,0.5834,0.654,0.5784,0.657,0.4875
235,0.723,0.5821,0.4144,0.4958,0.7233,0.5688,0.6621,0.4055
236,0.564,0.5892,0.4153,0.3099,0.5259,0.3992,0.5618,0.2917
237,0.7138,0.5085,0.5924,0.5858,0.644,0.5029,0.3808,0.602
238,0.6719,0.4893,0.572,0.583,0.6709,0.5892,0.3401,0.6854
239,0.6014,0.4113,0.4351,0.6718,0.5497,0.5516,0.4758,0.6394
240,0.4786,0.2785,0.3069,0.5709,0.458,0.4773,0.2882,0.5344
241,0.5885,0.5727,0.4525,0.501,0.5167,0.474,0.5989,0.3777
242,0.4579,0.3207,0.3272,0.5214,0.4221,0.4265,0.2777,0.5364
243,0.579,0.424,0.467,0.7012,0.6223,0.663,0.3898,0.7933
244,0.6017,0.5092,0.5058,0.6074,0.4982,0.4925,0.4476,0.603
245,0.5297,0.3639,0.3756,0.6087,0.53,0.5713,0.3222,0.6321
246,0.5353,0.3667,0.4808,0.5102,0.5712,0.4552,0.2039,0.5457
247,0.5731,0.4958,0.5889,0.4658,0.487,0.3882,0.2953,0.4734
248,0.6685,0.5895,0.6592,0.5165,0.5541,0.4293,0.3726,0.5422
249,0.5822,0.5264,0.3655,0.3741,0.6156,0.4939,0.4771,0.4041
250,0.6804,0.5194,0.38,0.3996,0.6004,0.443,0.5834,0.3208
251,0.6487,0.4837,0.5288,0.6941,0.5778,0.5788,0.5241,0.6217
252,0.6785,0.5995,0.6307,0.5198,0.5611,0.431,0.3489,0.5646
253,0.4475,0.2848,0.4126,0.5245,0.4368,0.435,0.2138,0.6143
254,0.6437,0.4072,0.545,0.5623,0.5843,0.4515,0.315,0.5574
255,0.6985,0.7675,0.6182,0.5812,0.5804,0.536,0.7495,0.4602
256,0.6927,0.71,0.5505,0.5677,0.5985,0.5139,0.766,0.4437
257,0.6672,0.4074,0.4437,0.7194,0.5865,0.5726,0.4316,0.6424
258,0.5911,0.3949,0.5456,0.5049,0.5481,0.4153,0.308,0.5175
259,0.4822,0.3248,0.3288,0.5579,0.49,0.4945,0.3081,0.6218
260,0.5878,0.5177,0.3618,0.2983,0.5217,0.3622,0.5242,0.2294
261,0.6073,0.4221,0.4522,0.6372,0.5246,0.5542,0.4073,0.594
262,0.5578,0.4094,0.5141,0.4368,0.4741,0.3602,0.2825,0.4492
263,0.6208,0.4988,0.319,0.3311,0.6019,0.4221,0.5321,0.2963
264,0.6068,0.4572,0.4943,0.6756,0.5321,0.5123,0.4915,0.6355
265,0.5522,0.4907,0.6481,0.6051,0.482,0.473,0.4356,0.6506
266,0.6927,0.4864,0.4804,0.699,0.5561,0.6059,0.5322,0.6454
267,0.7283,0.7048,0.5257,0.4154,0.5621,0.4449,0.7091,0.3274
268,0.5126,0.3601,0.4966,0.5472,0.4745,0.4182,0.4137,0.5592
269,0.619,0.3892,0.5221,0.6446,0.5636,0.482,0.4302,0.6769
270,0.5513,0.3042,0.4502,0.6458,0.5577,0.5239,0.3204,0.71
271,0.7021,0.5402,0.6271,0.5839,0.6118,0.4858,0.4408,0.5765
272,0.6618,0.4,0.4312,0.6967,0.5703,0.5467,0.4862,0.6274
273,0.6141,0.5146,0.5447,0.5041,0.5221,0.4245,0.2906,0.4787
274,0.7032,0.8273,0.6617,0.5845,0.5929,0.5248,0.7387,0.4471
275,0.7029,0.7241,0.5803,0.5742,0.5986,0.5473,0.7795,0.4679
276,0.6136,0.5115,0.3739,0.5637,0.6187,0.5537,0.5267,0.4392
277,0.5683,0.5496,0.4116,0.4995,0.5684,0.5364,0.535,0.4677
278,0.4757,0.3579,0.388,0.5396,0.3826,0.4392,0.3528,0.4753
279,0.5456,0.5701,0.4362,0.4483,0.4901,0.4105,0.5472,0.3345
280,0.6483,0.5105,0.6331,0.5301,0.5613,0.4401,0.4098,0.5138
281,0.4724,0.495,0.3534,0.2744,0.4852,0.4004,0.4885,0.3081
282,0.607,0.6481,0.4678,0.3338,0.5311,0.3844,0.6045,0.2877
283,0.5905,0.4677,0.6017,0.5899,0.4989,0.4617,0.4584,0.6441
284,0.699,0.6625,0.5096,0.6129,0.689,0.6548,0.632,0.5981
285,0.5889,0.3535,0.4664,0.5332,0.5527,0.4263,0.2301,0.5241
286,0.6088,0.4436,0.5329,0.4712,0.5204,0.404,0.3334,0.4662
287,0.5252,0.5405,0.4337,0.4345,0.5023,0.4334,0.5491,0.3408
288,0.6547,0.5217,0.3563,0.4007,0.5587,0.4466,0.584,0.2793
289,0.5611,0.3443,0.381,0.6136,0.4767,0.4931,0.4144,0.5169
290,0.7995,0.6811,0.534,0.6868,0.7335,0.6487,0.7644,0.5294
291,0.5974,0.5644,0.4134,0.3241,0.5077,0.3634,0.5931,0.2623
292,0.5362,0.634,0.4697,0.4448,0.4786,0.3993,0.59,0.3131
293,0.521,0.5659,0.416,0.4134,0.4813,0.4855,0.5544,0.3966
294,0.6008,0.5854,0.4254,0.4816,0.498,0.4618,0.5882,0.3462
295,0.77,0.5684,0.6238,0.6365,0.6323,0.5092,0.4343,0.589
296,0.6161,0.5957,0.4573,0.3509,0.5487,0.3801,0.6296,0.2954
297,0.7245,0.6491,0.47,0.6157,0.6426,0.5415,0.6568,0.4797
298,0.4042,0.2666,0.3301,0.5566,0.4686,0.5324,0.2856,0.6441
299,0.7337,0.714,0.5533,0.5645,0.5741,0.5058,0.7463,0.3996
300,0.6933,0.7857,0.6143,0.3957,0.572,0.4659,0.6841,0.3106
301,0.5491,0.4124,0.4552,0.6553,0.5404,0.5647,0.3864,0.677
302,0.5324,0.4736,0.6039,0.5268,0.443,0.3966,0.4039,0.6317
303,0.7672,0.4805,0.5834,0.6713,0.6918,0.5319,0.3912,0.6418
304,0.6018,0.5395,0.36,0.3061,0.4994,0.374,0.5574,0.2422
305,0.4071,0.28,0.4094,0.4557,0.3673,0.3549,0.2241,0.5643
306,0.6368,0.5169,0.4053,0.5456,0.5719,0.4765,0.5919,0.3707
307,0.6616,0.7409,0.5808,0.3843,0.5574,0.4288,0.6598,0.3098
308,0.6589,0.5393,0.6108,0.5185,0.5476,0.4198,0.3569,0.5327
309,0.6611,0.781,0.6367,0.5182,0.5804,0.5015,0.7201,0.4334
310,0.4632,0.4313,0.5671,0.4482,0.3841,0.371,0.3198,0.5464
311,0.6808,0.7069,0.5648,0.5742,0.5764,0.5135,0.719,0.4273
312,0.5201,0.4637,0.5893,0.5665,0.4943,0.4289,0.4058,0.6484
313,0.5726,0.5942,0.4567,0.4512,0.4582,0.4074,0.5945,0.326
314,0.5238,0.4197,0.5211,0.4272,0.4491,0.3399,0.2509,0.432
315,0.6868,0.412,0.4909,0.5746,0.5747,0.4441,0.2846,0.5611
316,0.8057,0.5738,0.6438,0.6825,0.6974,0.545,0.488,0.6439
317,0.5754,0.5284,0.3671,0.3356,0.5166,0.4042,0.521,0.2615
318,0.4695,0.4098,0.5805,0.5139,0.4092,0.3725,0.3564,0.6007
319,0.4912,0.3213,0.4785,0.5805,0.5294,0.5237,0.273,0.7531
320,0.6246,0.6794,0.5205,0.4664,0.5544,0.484,0.6506,0.4071
321,0.6195,0.3739,0.437,0.7017,0.5452,0.556,0.4305,0.6203
322,0.6689,0.6086,0.6513,0.4985,0.5335,0.4418,0.3485,0.5269
323,0.7178,0.7895,0.6821,0.5954,0.6245,0.536,0.7862,0.4767
324,0.4623,0.3486,0.3806,0.5025,0.4107,0.4133,0.3083,0.487
325,0.624,0.5511,0.6696,0.6311,0.5173,0.4587,0.498,0.6929
326,0.4314,0.2926,0.3118,0.5212,0.4241,0.4675,0.2445,0.5526
327,0.6962,0.6032,0.4763,0.4011,0.6239,0.4472,0.6466,0.3106
328,0.594,0.4415,0.4479,0.6428,0.5313,0.5509,0.3861,0.6079
329,0.7126,0.4902,0.5415,0.625,0.6352,0.4929,0.338,0.6117
330,0.6318,0.5688,0.7087,0.5454,0.5766,0.462,0.3809,0.5677
331,0.5939,0.4799,0.5292,0.4711,0.502,0.3884,0.3263,0.4654
332,0.5249,0.338,0.3867,0.6038,0.4902,0.4831,0.3599,0.5746
333,0.5368,0.5212,0.3717,0.2923,0.5164,0.4132,0.5019,0.2715
334,0.6334,0.5887,0.4654,0.3745,0.5372,0.4094,0.6289,0.2867
335,0.4955,0.519,0.4291,0.4414,0.4859,0.4557,0.5318,0.3685
336,0.6105,0.3135,0.3378,0.7337,0.6071,0.6027,0.3999,0.6727
337,0.5023,0.3691,0.5018,0.5384,0.4328,0.3959,0.392,0.5695
338,0.5838,0.5294,0.5605,0.5818,0.4688,0.465,0.4819,0.5797
339,0.5674,0.4726,0.6404,0.5907,0.501,0.4395,0.4851,0.6361
340,0.4953,0.3777,0.4661,0.4035,0.445,0.3663,0.2219,0.4912
341,0.7827,0.6178,0.6791,0.6653,0.6567,0.5185,0.4748,0.5868
342,0.7756,0.6798,0.5151,0.462,0.6453,0.5264,0.753,0.3581
343,0.6164,0.6275,0.4826,0.4716,0.4864,0.4557,0.6488,0.3415
344,0.6357,0.7244,0.5755,0.5013,0.5349,0.4677,0.6603,0.3815
345,0.5671,0.6136,0.4539,0.4898,0.5419,0.5137,0.6017,0.4836
346,0.514,0.5159,0.3546,0.4279,0.4661,0.4143,0.5041,0.3319
347,0.5889,0.6098,0.4856,0.3088,0.5109,0.3559,0.623,0.2392
348,0.4678,0.3494,0.4497,0.4185,0.5487,0.4881,0.1644,0.6185
349,0.5946,0.558,0.6496,0.4701,0.4976,0.3889,0.3189,0.483
350,0.5886,0.4418,0.45,0.6305,0.5092,0.5271,0.4403,0.5772
351,0.613,0.5603,0.7328,0.6514,0.5235,0.4883,0.5171,0.7001
352,0.5484,0.3498,0.4749,0.4972,0.5393,0.3881,0.2346,0.4947
353,0.7642,0.6921,0.7802,0.5943,0.6568,0.5005,0.5128,0.6082
354,0.527,0.4313,0.5315,0.4045,0.4476,0.3204,0.2272,0.4237
355,0.7266,0.6858,0.5747,0.6111,0.6143,0.5252,0.7648,0.4234
356,0.816,0.6237,0.6788,0.6413,0.6526,0.521,0.5099,0.6043
357,0.5856,0.4456,0.5633,0.4832,0.5299,0.3899,0.3018,0.4829
358,0.4265,0.2539,0.3203,0.4999,0.3884,0.3983,0.2598,0.5086
359,0.7681,0.6411,0.5,0.4957,0.6768,0.5072,0.7026,0.3458
360,0.7246,0.695,0.5059,0.4304,0.6182,0.4899,0.6806,0.3631
361,0.6092,0.6198,0.4824,0.4686,0.5052,0.44,0.6435,0.3485
362,0.6252,0.7443,0.5948,0.4954,0.4794,0.4447,0.6921,0.3453
363,0.5377,0.4918,0.3303,0.3305,0.5353,0.4351,0.498,0.2863
364,0.6528,0.4278,0.4537,0.6853,0.5335,0.5245,0.467,0.6028
365,0.5081,0.46,0.5759,0.5356,0.4167,0.3912,0.3863,0.5992
366,0.5843,0.5914,0.4578,0.5327,0.5819,0.4975,0.6108,0.4143
367,0.6837,0.5893,0.4533,0.6453,0.7361,0.6604,0.6586,0.5487
368,0.5718,0.4344,0.5635,0.6311,0.5309,0.4543,0.462,0.6787
369,0.5355,0.46,0.614,0.5883,0.4552,0.4307,0.4386,0.6481
370,0.6343,0.452,0.544,0.4637,0.5212,0.4204,0.3025,0.5013
371,0.6827,0.795,0.6306,0.4046,0.5536,0.4172,0.7053,0.2887
372,0.4301,0.3483,0.5025,0.4867,0.3869,0.3227,0.2883,0.5635
373,0.5326,0.4817,0.6487,0.5794,0.4656,0.4081,0.441,0.6292
374,0.7761,0.6548,0.7244,0.6604,0.6678,0.5219,0.5414,0.6406
375,0.6006,0.5159,0.5157,0.6546,0.5023,0.5358,0.4589,0.6065
376,0.8074,0.4984,0.504,0.8252,0.6736,0.6542,0.5784,0.7506
377,0.5298,0.4138,0.5153,0.429,0.5355,0.4669,0.2339,0.6003
378,0.5307,0.5115,0.6341,0.554,0.4619,0.3928,0.4351,0.6407
379,0.5564,0.361,0.3722,0.6417,0.5326,0.4799,0.3689,0.5611
380,0.6201,0.378,0.4423,0.6601,0.4976,0.4941,0.4594,0.5693
381,0.5963,0.5372,0.6356,0.5069,0.4899,0.3866,0.3426,0.4928
382,0.5361,0.5608,0.4242,0.3265,0.5635,0.472,0.5358,0.3741
383,0.3774,0.2166,0.3841,0.526,0.4765,0.5053,0.197,0.7125
384,0.6429,0.53,0.5664,0.6221,0.6929,0.6006,0.3302,0.7472
385,0.6156,0.3843,0.4802,0.5636,0.6232,0.4949,0.2341,0.574
386,0.6251,0.4855,0.5927,0.4831,0.5607,0.4228,0.3456,0.5189
387,0.6927,0.7286,0.5829,0.5256,0.5747,0.5689,0.7133,0.4013
388,0.4724,0.3342,0.4724,0.4891,0.381,0.3379,0.3164,0.544
389,0.5975,0.4469,0.4499,0.6486,0.5921,0.589,0.3871,0.7175
390,0.6093,0.4952,0.5473,0.4647,0.5622,0.4947,0.3011,0.5809
391,0.5327,0.5165,0.3859,0.2223,0.4627,0.2947,0.5077,0.1764
392,0.6645,0.4988,0.5634,0.5335,0.5882,0.4504,0.3232,0.5696
393,0.5872,0.4651,0.633,0.6212,0.5073,0.454,0.5166,0.6492
394,0.6841,0.7223,0.5354,0.401,0.5778,0.4339,0.7016,0.3191
395,0.7805,0.5373,0.5694,0.7754,0.6226,0.621,0.5979,0.6926
396,0.6511,0.5406,0.545,0.7094,0.5652,0.5507,0.5215,0.6093
397,0.5677,0.4119,0.4308,0.5746,0.4821,0.4974,0.415,0.5718
398,0.6013,0.4794,0.5733,0.451,0.5174,0.3778,0.3115,0.4657
399,0.6624,0.4888,0.5534,0.5792,0.598,0.4866,0.3504,0.5814
400,0.8233,0.6962,0.5394,0.6817,0.7353,0.6189,0.7734,0.5476
401,0.6454,0.4929,0.5811,0.5344,0.5926,0.4675,0.3576,0.5285
402,0.6689,0.743,0.5639,0.5035,0.5456,0.4753,0.7098,0.3691
403,0.7221,0.4205,0.5421,0.6672,0.6538,0.5472,0.3547,0.6427
404,0.7861,0.7938,0.6118,0.4735,0.6475,0.5083,0.8338,0.3564
405,0.7013,0.6569,0.5116,0.4516,0.6327,0.4557,0.6822,0.339
406,0.4634,0.2846,0.3627,0.5327,0.4243,0.4345,0.3528,0.5226
407,0.4995,0.3779,0.3766,0.5484,0.4039,0.4382,0.3391,0.5207
408,0.5868,0.4716,0.527,0.4782,0.4937,0.4509,0.2773,0.547
409,0.585,0.4483,0.529,0.4978,0.5679,0.5055,0.2531,0.5439
410,0.5522,0.4035,0.4013,0.6323,0.5172,0.5658,0.3569,0.6648
411,0.4438,0.3056,0.3045,0.4742,0.403,0.4732,0.2643,0.5766
412,0.6085,0.5476,0.4046,0.5296,0.6015,0.5428,0.5878,0.4288
413,0.5726,0.5001,0.6064,0.6006,0.4614,0.4503,0.4311,0.6671
414,0.5127,0.3504,0.5092,0.5669,0.4481,0.4248,0.3407,0.6094
415,0.7736,0.5753,0.6804,0.6129,0.6824,0.5515,0.493,0.6225
416,0.6492,0.7633,0.5918,0.5531,0.5456,0.5146,0.6925,0.4017
417,0.6474,0.7731,0.6204,0.5241,0.5399,0.4867,0.7243,0.3985
418,0.8029,0.507,0.5242,0.791,0.6366,0.6555,0.5816,0.7098
419,0.5962,0.6641,0.5153,0.37,0.5293,0.4303,0.6426,0.2845
420,0.515,0.3847,0.512,0.506,0.4192,0.4009,0.3792,0.581
421,0.5951,0.4062,0.3864,0.647,0.5499,0.5546,0.3833,0.5746
422,0.5264,0.2902,0.3308,0.6269,0.4938,0.4981,0.332,0.5727
423,0.5441,0.4067,0.5132,0.5254,0.576,0.5101,0.2037,0.6819
424,0.5787,0.3763,0.3872,0.6639,0.5545,0.5765,0.3859,0.6159
425,0.6671,0.4164,0.5549,0.7465,0.5874,0.5454,0.446,0.7328
426,0.5582,0.4911,0.611,0.5941,0.4695,0.4402,0.4742,0.6421
427,0.5148,0.4229,0.5,0.3981,0.4509,0.3206,0.2636,0.4638
428,0.5649,0.5707,0.4248,0.3274,0.5682,0.4533,0.5382,0.3331
429,0.6484,0.6355,0.5057,0.3467,0.5317,0.4209,0.6829,0.2565
430,0.6611,0.4678,0.5562,0.6237,0.7137,0.5923,0.3227,0.6853
431,0.6988,0.569,0.6871,0.5855,0.6121,0.4982,0.4576,0.5997
432,0.6686,0.4871,0.5646,0.5642,0.5908,0.4429,0.3239,0.5615
433,0.4975,0.3625,0.3723,0.5907,0.5316,0.5591,0.3517,0.7033
434,0.4589,0.3853,0.5173,0.4794,0.3729,0.3647,0.3152,0.5629
435,0.7245,0.4404,0.5189,0.6836,0.7016,0.5879,0.3511,0.6587
436,0.6221,0.4232,0.4587,0.712,0.6004,0.5837,0.4236,0.6449
437,0.5748,0.5914,0.4424,0.513,0.5455,0.493,0.5602,0.4256
438,0.5425,0.3455,0.4376,0.5893,0.5097,0.477,0.3366,0.6605
439,0.6066,0.6252,0.5059,0.4996,0.5242,0.4767,0.6948,0.3901
440,0.4718,0.2652,0.4264,0.5405,0.4079,0.4002,0.3246,0.5992
441,0.4769,0.3433,0.5116,0.509,0.3845,0.384,0.3698,0.5605
442,0.6517,0.6375,0.5415,0.5336,0.554,0.488,0.7329,0.3663
443,0.5696,0.6666,0.4966,0.4692,0.4862,0.4603,0.6433,0.3562
444,0.7468,0.6626,0.4909,0.4844,0.6523,0.5347,0.6901,0.401
445,0.4388,0.3314,0.47,0.5379,0.4375,0.4261,0.2798,0.6716
446,0.5343,0.5811,0.4392,0.2719,0.4596,0.341,0.548,0.1697
447,0.4997,0.2735,0.4296,0.5632,0.4316,0.4095,0.3084,0.5955
448,0.5173,0.4188,0.4529,0.5845,0.4303,0.4517,0.395,0.5489
449,0.7039,0.7136,0.5829,0.5668,0.6135,0.5557,0.7808,0.4618
450,0.5395,0.3614,0.3832,0.5939,0.4755,0.473,0.3961,0.5498
451,0.7812,0.7679,0.6335,0.6124,0.6606,0.5756,0.8453,0.4781
452,0.6641,0.5896,0.6791,0.5374,0.579,0.4807,0.3862,0.5604
453,0.5977,0.5389,0.6084,0.4692,0.4835,0.3536,0.2773,0.4859
454,0.7061,0.5127,0.5787,0.582,0.6181,0.4794,0.3898,0.5944
455,0.6549,0.6548,0.4919,0.3988,0.569,0.4238,0.6821,0.3223
456,0.6597,0.766,0.5901,0.3453,0.527,0.4203,0.6799,0.2778
457,0.5229,0.2838,0.2931,0.6257,0.5742,0.5355,0.3322,0.6087
458,0.822,0.6559,0.7429,0.6509,0.6677,0.5674,0.5371,0.6297
459,0.7583,0.6964,0.5191,0.4614,0.6063,0.4988,0.7384,0.3541
460,0.6566,0.4721,0.4968,0.6871,0.5267,0.5416,0.5285,0.59
461,0.6707,0.5897,0.4606,0.6166,0.6753,0.6243,0.5907,0.5323
462,0.3416,0.2443,0.4409,0.4965,0.4116,0.4439,0.2375,0.6753
463,0.5538,0.4202,0.4323,0.6153,0.5435,0.52,0.3766,0.6148
464,0.6405,0.4567,0.5254,0.5519,0.6444,0.5682,0.2508,0.642
465,0.4857,0.2416,0.3522,0.5876,0.4801,0.4234,0.2804,0.6109
466,0.739,0.4235,0.4613,0.8163,0.6475,0.644,0.5151,0.7172
467,0.6982,0.6195,0.6862,0.5545,0.5827,0.4705,0.4033,0.5938
468,0.6832,0.7835,0.6067,0.554,0.5626,0.5437,0.695,0.3757
469,0.4754,0.2757,0.4418,0.5631,0.5431,0.5113,0.2875,0.7057
470,0.5639,0.3891,0.419,0.5761,0.4509,0.4706,0.4074,0.524
471,0.7782,0.6499,0.4654,0.5256,0.7378,0.5326,0.7189,0.4383
472,0.6849,0.4462,0.4879,0.757,0.6147,0.616,0.4859,0.6563
473,0.574,0.4003,0.4189,0.6236,0.477,0.4963,0.4418,0.571
474,0.5776,0.486,0.6686,0.6324,0.4862,0.4384,0.4659,0.6766
475,0.5785,0.3845,0.3963,0.6163,0.4787,0.5216,0.4071,0.5611
476,0.4305,0.3682,0.5143,0.521,0.4091,0.3685,0.3462,0.574
477,0.5467,0.3665,0.4443,0.4984,0.5888,0.4855,0.2007,0.5591
478,0.6281,0.3674,0.3934,0.6385,0.5062,0.5231,0.4614,0.5549
479,0.5096,0.4191,0.4713,0.5796,0.4664,0.4405,0.3961,0.5362
480,0.5624,0.4301,0.5904,0.6041,0.4787,0.4787,0.4164,0.6752
481,0.5313,0.5786,0.3964,0.2343,0.4384,0.331,0.5143,0.196
482,0.6898,0.428,0.4419,0.6817,0.5701,0.5685,0.4918,0.6186
483,0.5849,0.6281,0.4589,0.4541,0.5304,0.4498,0.6578,0.3856
484,0.6044,0.427,0.4876,0.4463,0.5248,0.3949,0.2756,0.4709
485,0.6228,0.4286,0.5033,0.4796,0.5121,0.4041,0.2756,0.5137
486,0.6153,0.566,0.4406,0.5309,0.6052,0.561,0.6456,0.4635
487,0.5941,0.4614,0.6024,0.5863,0.4618,0.4268,0.5012,0.6323
488,0.7067,0.4794,0.5445,0.5991,0.6928,0.5788,0.3239,0.661
489,0.7837,0.6814,0.7339,0.6137,0.6654,0.5348,0.5331,0.6385
490,0.5174,0.433,0.5603,0.45,0.4626,0.3889,0.2584,0.4469
491,0.689,0.5288,0.5308,0.6952,0.5774,0.5411,0.5286,0.6234
492,0.6746,0.4328,0.4674,0.7703,0.5905,0.6068,0.4764,0.6818
493,0.6378,0.6733,0.528,0.5176,0.5334,0.4737,0.6623,0.4074
494,0.6935,0.4999,0.572,0.5868,0.5911,0.4542,0.336,0.566
495,0.656,0.5724,0.6456,0.5209,0.5367,0.4436,0.3528,0.5339
496,0.5803,0.4657,0.5608,0.4785,0.5171,0.425,0.2758,0.5704
497,0.6688,0.5924,0.4641,0.5959,0.6076,0.56,0.6431,0.4463
498,0.4695,0.3511,0.4361,0.3368,0.4564,0.3889,0.1697,0.5117
499,0.633,0.6756,0.5066,0.5217,0.5604,0.5224,0.6114,0.4677
500,0.5926,0.6695,0.5292,0.3592,0.5578,0.4106,0.6561,0.2778
501,0.6118,0.569,0.7114,0.6468,0.5186,0.4721,0.5046,0.6736
502,0.6064,0.3423,0.3813,0.7271,0.5886,0.5975,0.3929,0.6682
503,0.4914,0.3589,0.4517,0.4604,0.5229,0.4904,0.1501,0.6148
504,0.4929,0.5374,0.4369,0.4183,0.486,0.4658,0.5378,0.3682
505,0.6909,0.5562,0.4152,0.499,0.671,0.5123,0.6169,0.3607
506,0.5419,0.6077,0.4767,0.4029,0.4829,0.415,0.5658,0.3515
507,0.5746,0.419,0.4533,0.6143,0.4828,0.4823,0.4211,0.5175
508,0.5567,0.517,0.3679,0.3006,0.5124,0.3504,0.5229,0.2533
509,0.5435,0.4299,0.5538,0.5749,0.4404,0.4269,0.4326,0.6236
510,0.4926,0.5345,0.4045,0.4464,0.4882,0.4725,0.4945,0.4331
511,0.5978,0.4314,0.561,0.6504,0.5363,0.4696,0.4208,0.6721
512,0.7065,0.4873,0.5444,0.5806,0.5722,0.4461,0.3984,0.5349
513,0.6413,0.4478,0.537,0.5415,0.5425,0.4,0.3225,0.5211
514,0.586,0.4863,0.6089,0.4767,0.4959,0.4,0.2972,0.4913
515,0.6136,0.6196,0.4591,0.3529,0.5137,0.3715,0.637,0.2602
516,0.5657,0.4382,0.5178,0.629,0.5018,0.4913,0.4856,0.5882
517,0.6005,0.573,0.4427,0.532,0.5694,0.524,0.6042,0.4104
518,0.7361,0.6542,0.7125,0.5832,0.6261,0.4967,0.4415,0.6153
519,0.5208,0.4147,0.422,0.5668,0.4189,0.4523,0.3442,0.5044
520,0.6565,0.5852,0.4255,0.4547,0.7066,0.5767,0.5901,0.4282
521,0.565,0.4807,0.3339,0.5349,0.6058,0.5522,0.4872,0.4443
522,0.5571,0.6539,0.5216,0.4335,0.4688,0.4176,0.5875,0.3313
523,0.686,0.5827,0.4655,0.4386,0.602,0.4377,0.6366,0.3298
524,0.5783,0.678,0.5149,0.3039,0.4847,0.3397,0.5998,0.2118
525,0.7536,0.579,0.4178,0.5446,0.7092,0.553,0.6663,0.4268
526,0.6416,0.7461,0.6026,0.5007,0.5629,0.4852,0.6873,0.3963
527,0.8233,0.6017,0.6584,0.6946,0.6693,0.5478,0.4801,0.6433
528,0.722,0.6891,0.5596,0.5876,0.5985,0.5285,0.7616,0.4184
529,0.6475,0.7602,0.6099,0.5384,0.5676,0.4874,0.6756,0.3726
530,0.6281,0.5422,0.4168,0.4015,0.5677,0.4308,0.5957,0.2923
531,0.5267,0.3755,0.4405,0.4164,0.4637,0.3985,0.198,0.4782
532,0.4814,0.3011,0.3351,0.5194,0.405,0.4193,0.2784,0.4995
533,0.703,0.7081,0.5076,0.4046,0.5882,0.4424,0.7118,0.3235
534,0.6298,0.6557,0.4813,0.4095,0.6136,0.5201,0.6492,0.4113
535,0.518,0.3838,0.408,0.5303,0.4469,0.4318,0.3668,0.5096
536,0.6932,0.5958,0.4361,0.4382,0.6206,0.4868,0.6207,0.3521
537,0.6724,0.6212,0.7035,0.5535,0.5761,0.4735,0.4108,0.5887
538,0.6026,0.6491,0.4699,0.4757,0.5453,0.5415,0.5918,0.503
539,0.6143,0.4561,0.5158,0.5275,0.5964,0.4471,0.2911,0.5298
540,0.5568,0.582,0.4288,0.3335,0.5468,0.4026,0.5536,0.3114
541,0.6759,0.582,0.4336,0.4822,0.7062,0.5733,0.6258,0.4164
542,0.7939,0.6046,0.6853,0.6572,0.6755,0.581,0.5223,0.634
543,0.733,0.4382,0.5406,0.6077,0.6241,0.5243,0.3498,0.5732
544,0.8155,0.6975,0.5379,0.6832,0.6796,0.642,0.7259,0.5305
545,0.6537,0.5347,0.4166,0.515,0.5478,0.4953,0.6135,0.3937
546,0.677,0.4993,0.4656,0.6982,0.5542,0.5397,0.5014,0.6365
547,0.5656,0.3887,0.4585,0.4647,0.5478,0.4342,0.2334,0.5307
548,0.5022,0.3744,0.4218,0.5612,0.4295,0.4518,0.3886,0.519
549,0.4839,0.3945,0.535,0.5062,0.3852,0.3489,0.3557,0.5724
550,0.717,0.7124,0.5301,0.578,0.5909,0.5331,0.7752,0.4333
551,0.625,0.5036,0.5603,0.4979,0.5389,0.4163,0.3233,0.5064
552,0.6132,0.5881,0.4661,0.3361,0.5279,0.3788,0.6463,0.2554
553,0.5398,0.4327,0.4668,0.5958,0.475,0.4623,0.4254,0.564
554,0.5681,0.5548,0.4061,0.4892,0.5018,0.4233,0.5635,0.354
555,0.6224,0.6015,0.4656,0.526,0.5859,0.5274,0.655,0.4308
556,0.6295,0.6183,0.4732,0.3962,0.5816,0.4388,0.6037,0.34
557,0.6214,0.3825,0.4223,0.7269,0.669,0.7193,0.3623,0.7653
558,0.454,0.28,0.336,0.5471,0.4619,0.536,0.2795,0.6003
559,0.5485,0.2963,0.3522,0.6868,0.5915,0.6022,0.3219,0.6714
560,0.7837,0.6846,0.4939,0.5053,0.6869,0.5442,0.7948,0.3931
561,0.4858,0.5051,0.4164,0.4003,0.4614,0.3952,0.5534,0.283
562,0.5454,0.3615,0.3863,0.6149,0.4689,0.4981,0.4219,0.5687
563,0.7239,0.641,0.4853,0.664,0.7919,0.639,0.6604,0.5427
564,0.5578,0.4908,0.6347,0.6078,0.5023,0.4562,0.4574,0.6618
565,0.6736,0.7254,0.5879,0.3974,0.5865,0.4191,0.703,0.2886
566,0.6524,0.6229,0.4701,0.3486,0.5502,0.4203,0.615,0.2792
567,0.5303,0.3082,0.4387,0.6034,0.5249,0.5105,0.3249,0.6862
568,0.6344,0.53,0.6729,0.6429,0.5189,0.4778,0.5133,0.6889
569,0.5576,0.5396,0.4013,0.2838,0.4716,0.3256,0.574,0.195
570,0.5128,0.5233,0.3509,0.2318,0.4619,0.3801,0.4636,0.2724
571,0.7513,0.4522,0.4938,0.7571,0.6186,0.6124,0.5547,0.6665
572,0.5789,0.4278,0.5419,0.4773,0.5264,0.3767,0.3062,0.4759
573,0.6265,0.6006,0.4387,0.5265,0.5896,0.5301,0.5825,0.4621
574,0.6331,0.601,0.4416,0.3586,0.5423,0.3769,0.6326,0.2736
575,0.5597,0.4157,0.4427,0.667,0.6015,0.5568,0.387,0.6935
576,0.6706,0.6108,0.59,0.6833,0.572,0.5372,0.5262,0.6135
577,0.6063,0.5472,0.5838,0.6271,0.5296,0.5141,0.4921,0.5976
578,0.6988,0.6526,0.4863,0.5736,0.588,0.5633,0.6742,0.4433
579,0.6495,0.6434,0.546,0.5095,0.5613,0.4919,0.7163,0.3579
580,0.4847,0.3492,0.4088,0.5721,0.451,0.4755,0.3467,0.585
581,0.5002,0.5253,0.359,0.4045,0.4359,0.382,0.4685,0.304
582,0.7167,0.4604,0.4688,0.7658,0.6173,0.6236,0.4704,0.6618
583,0.677,0.4422,0.4336,0.7811,0.6905,0.735,0.402,0.7985
584,0.596,0.4686,0.4731,0.6376,0.5441,0.5467,0.485,0.6185
585,0.6341,0.7053,0.5711,0.5276,0.5266,0.4703,0.643,0.3781
586,0.6274,0.4439,0.446,0.7135,0.6714,0.6432,0.4504,0.7157
587,0.6119,0.3746,0.4956,0.5841,0.665,0.5373,0.2508,0.5966
588,0.6873,0.5501,0.6359,0.5243,0.6196,0.5172,0.4186,0.5723
589,0.5733,0.6592,0.5585,0.4924,0.4979,0.4541,0.6487,0.3659
590,0.6136,0.4388,0.494,0.5482,0.6329,0.5364,0.2625,0.6522
591,0.6584,0.6405,0.4649,0.3718,0.5802,0.4438,0.6868,0.2781
592,0.5334,0.5823,0.4431,0.2646,0.4765,0.333,0.5516,0.2131
593,0.5237,0.407,0.4922,0.4307,0.5105,0.4187,0.2315,0.5157
594,0.4933,0.3233,0.3554,0.571,0.4691,0.5112,0.3119,0.6232
595,0.4884,0.2746,0.4062,0.5673,0.4368,0.4005,0.2635,0.5914
596,0.6452,0.3415,0.4066,0.735,0.634,0.6144,0.4419,0.6691
597,0.7276,0.7867,0.6482,0.4348,0.6007,0.457,0.7397,0.3435
598,0.5886,0.4276,0.582,0.6433,0.4964,0.456,0.4506,0.6579
599,0.548,0.4327,0.5434,0.4984,0.6018,0.5507,0.2774,0.697
600,0.6421,0.5156,0.6059,0.5146,0.5468,0.4206,0.3657,0.5416
601,0.5264,0.3359,0.4425,0.5615,0.5286,0.4383,0.3112,0.6497
602,0.6107,0.7202,0.5746,0.3289,0.5209,0.3635,0.6779,0.2028
603,0.5458,0.3832,0.5115,0.5942,0.5293,0.4704,0.3709,0.692
604,0.5915,0.4989,0.3931,0.5114,0.5912,0.5269,0.5597,0.4155
605,0.77,0.6446,0.6703,0.6183,0.646,0.5077,0.4681,0.6047
606,0.6242,0.66,0.5026,0.3476,0.5358,0.3983,0.6317,0.2903
607,0.6187,0.6429,0.5091,0.5153,0.5501,0.5252,0.7081,0.404
608,0.5502,0.4169,0.4372,0.635,0.5208,0.5369,0.3986,0.6598
609,0.5128,0.371,0.4279,0.57,0.4323,0.4322,0.3859,0.5042
610,0.6505,0.6354,0.4844,0.5419,0.6419,0.5814,0.5907,0.4952
611,0.7135,0.5606,0.6239,0.5749,0.614,0.4918,0.3853,0.5577
612,0.5901,0.6085,0.4665,0.5505,0.6534,0.6276,0.5827,0.5443
613,0.728,0.7398,0.611,0.5955,0.6082,0.5353,0.7932,0.4714
614,0.7063,0.4494,0.4336,0.7883,0.6892,0.7101,0.4646,0.7125
615,0.6252,0.4669,0.4774,0.7092,0.5683,0.6032,0.4122,0.6874
616,0.6157,0.51,0.5853,0.5021,0.525,0.4123,0.3438,0.5274
617,0.532,0.4028,0.557,0.5774,0.5036,0.4506,0.4218,0.6557
618,0.6353,0.4671,0.5695,0.5641,0.5811,0.4667,0.3097,0.5815
619,0.671,0.6367,0.7203,0.5465,0.5548,0.4289,0.3821,0.5537
620,0.6975,0.4602,0.4591,0.7377,0.6027,0.5755,0.4619,0.6867
621,0.5591,0.3674,0.412,0.6363,0.4618,0.4882,0.3868,0.5447
622,0.6715,0.4654,0.5245,0.7104,0.5591,0.5561,0.5568,0.6295
623,0.5724,0.3636,0.4771,0.4724,0.5789,0.4352,0.2397,0.5166
624,0.4225,0.3184,0.4508,0.4781,0.3576,0.3483,0.2696,0.5197
625,0.634,0.6187,0.5029,0.5505,0.5756,0.5055,0.6459,0.4141
626,0.6642,0.5478,0.4063,0.4434,0.6211,0.493,0.607,0.3115
627,0.6066,0.5438,0.5439,0.6416,0.5007,0.5023,0.4461,0.5819
628,0.5357,0.5191,0.3377,0.2914,0.5025,0.425,0.4954,0.2352
629,0.5742,0.4586,0.538,0.4479,0.5478,0.4875,0.2617,0.6266
630,0.5806,0.5569,0.6964,0.577,0.4783,0.4403,0.4429,0.6879
631,0.6136,0.5263,0.5702,0.6444,0.5262,0.5488,0.5092,0.5974
632,0.5261,0.4929,0.3259,0.4184,0.4743,0.4314,0.5279,0.3357
633,0.5135,0.3785,0.3855,0.5852,0.4649,0.4672,0.3345,0.5685
634,0.6064,0.3422,0.4877,0.6889,0.5344,0.5016,0.3854,0.681
635,0.6794,0.6216,0.4248,0.3989,0.5581,0.4223,0.6244,0.321
636,0.7203,0.4803,0.5583,0.5776,0.619,0.4939,0.3614,0.5908
637,0.5811,0.5288,0.3778,0.3782,0.6302,0.5136,0.5245,0.3795
638,0.5726,0.6153,0.4996,0.452,0.4723,0.4167,0.6186,0.3311
639,0.5759,0.4662,0.6085,0.6333,0.4915,0.4382,0.4987,0.6665
640,0.452,0.339,0.4454,0.5746,0.5203,0.5464,0.2887,0.7537
641,0.6789,0.7399,0.5663,0.5396,0.5517,0.4886,0.6953,0.4135
642,0.6537,0.7161,0.5268,0.37,0.608,0.4207,0.6543,0.3265
643,0.7899,0.7196,0.5602,0.5056,0.6447,0.5041,0.7726,0.3731
644,0.6316,0.5364,0.4263,0.4067,0.5595,0.4095,0.6055,0.2949
645,0.7849,0.6721,0.4761,0.4903,0.6778,0.5123,0.742,0.3553
646,0.7282,0.5973,0.6039,0.7465,0.5992,0.5659,0.5809,0.6363
647,0.3519,0.2543,0.4077,0.4548,0.4095,0.4125,0.2199,0.6693
648,0.631,0.6092,0.4561,0.3575,0.5401,0.4252,0.6649,0.2815
649,0.5984,0.4241,0.5066,0.4911,0.5026,0.3952,0.2583,0.4782
650,0.5919,0.4857,0.4681,0.6453,0.5196,0.4939,0.4152,0.5963
651,0.5296,0.3258,0.4604,0.5576,0.4667,0.3888,0.347,0.62
652,0.5896,0.5019,0.5139,0.6158,0.5028,0.5034,0.4455,0.5878
653,0.5408,0.5199,0.4021,0.4712,0.5598,0.5313,0.5163,0.441
654,0.6111,0.6539,0.5241,0.4797,0.5004,0.4478,0.6611,0.3924
655,0.8098,0.6407,0.7318,0.6728,0.6842,0.5452,0.5308,0.6448
656,0.6095,0.5263,0.428,0.5554,0.6435,0.6026,0.5566,0.5094
657,0.6804,0.6854,0.5307,0.5572,0.5506,0.5425,0.6851,0.4025
658,0.7659,0.7283,0.7851,0.6194,0.6336,0.5024,0.4695,0.6039
659,0.7814,0.5274,0.6045,0.7015,0.6907,0.5726,0.4155,0.6549
660,0.358,0.2605,0.39,0.4427,0.3816,0.3798,0.2469,0.6267
661,0.6521,0.6421,0.5074,0.5229,0.5864,0.4947,0.672,0.412
662,0.546,0.2982,0.2996,0.6334,0.5544,0.558,0.2855,0.63
663,0.7382,0.4367,0.5456,0.6749,0.6567,0.5359,0.3598,0.6081
664,0.669,0.4436,0.5509,0.6979,0.5634,0.5102,0.4864,0.7247
665,0.5875,0.4732,0.5714,0.5087,0.633,0.5549,0.3001,0.6865
666,0.411,0.3157,0.4566,0.5657,0.506,0.501,0.2639,0.7912
667,0.5199,0.4103,0.5209,0.5324,0.4216,0.3858,0.3604,0.5626
668,0.6909,0.4229,0.4363,0.7745,0.6278,0.6388,0.4566,0.6969
669,0.568,0.6137,0.466,0.4289,0.5142,0.4948,0.571,0.4282
670,0.5958,0.5391,0.6818,0.5998,0.4973,0.4384,0.4934,0.6676
671,0.6717,0.5365,0.6439,0.5731,0.5867,0.5133,0.4206,0.5982
672,0.4452,0.2628,0.4285,0.5609,0.4622,0.4159,0.326,0.6119
673,0.5198,0.5124,0.3758,0.4746,0.5489,0.5342,0.4837,0.4788
674,0.598,0.4847,0.5055,0.6331,0.4928,0.5416,0.4621,0.5881
675,0.784,0.7814,0.6416,0.6396,0.6413,0.5968,0.8048,0.5047
676,0.5146,0.406,0.4172,0.5642,0.4333,0.4789,0.3633,0.5306
677,0.6749,0.676,0.5382,0.5506,0.5478,0.5162,0.7469,0.3717
678,0.6953,0.5317,0.6078,0.5753,0.574,0.4333,0.4281,0.506
679,0.6408,0.6095,0.5021,0.5823,0.5833,0.5558,0.7086,0.4545
680,0.6604,0.5808,0.6757,0.5328,0.5502,0.4687,0.4151,0.5397
681,0.497,0.4039,0.5593,0.5465,0.4275,0.4032,0.3883,0.5885
682,0.6933,0.6247,0.611,0.7089,0.5852,0.5777,0.535,0.6368
683,0.5667,0.2907,0.3022,0.658,0.5082,0.5163,0.3213,0.5936
684,0.7002,0.5728,0.4622,0.646,0.6301,0.6023,0.6381,0.4834
685,0.6043,0.446,0.5253,0.4911,0.5843,0.4514,0.301,0.4738
686,0.6839,0.7255,0.5243,0.3682,0.555,0.4523,0.6885,0.3264
687,0.6336,0.5816,0.6628,0.4871,0.5652,0.4069,0.3844,0.4995
688,0.6346,0.5498,0.4129,0.5532,0.5953,0.4889,0.6009,0.3959
689,0.5761,0.4803,0.3637,0.3512,0.5313,0.3939,0.5625,0.2397
690,0.626,0.6551,0.5258,0.4825,0.5182,0.4689,0.6254,0.3677
691,0.6989,0.4975,0.5799,0.6146,0.6168,0.5186,0.3791,0.6067
692,0.5965,0.7037,0.5837,0.4779,0.484,0.4325,0.6441,0.3517
693,0.472,0.3359,0.3491,0.524,0.4218,0.4449,0.3384,0.5567
694,0.6936,0.5063,0.6012,0.6214,0.6688,0.5541,0.3486,0.6583
695,0.5611,0.2788,0.2815,0.6766,0.5753,0.5714,0.3071,0.6415
696,0.4929,0.5362,0.3577,0.3902,0.431,0.3933,0.5221,0.3188
697,0.6369,0.5852,0.4441,0.5659,0.6414,0.5879,0.5808,0.4868
698,0.568,0.3992,0.5055,0.5003,0.5627,0.4579,0.2358,0.5468
699,0.6615,0.3644,0.3696,0.7218,0.5422,0.5366,0.4374,0.6264
700,0.6298,0.7533,0.6124,0.5055,0.5527,0.4721,0.6963,0.3747
701,0.6614,0.3576,0.3647,0.7185,0.5327,0.5347,0.4133,0.6101
702,0.58,0.5841,0.4497,0.4821,0.5316,0.5071,0.5626,0.4293
703,0.7537,0.5344,0.6152,0.6177,0.6286,0.5613,0.3993,0.6031
704,0.6547,0.7746,0.6552,0.5349,0.5829,0.4743,0.7195,0.4004
705,0.3782,0.2331,0.4037,0.4917,0.4114,0.3646,0.2379,0.5765
706,0.5335,0.3902,0.4968,0.5653,0.5008,0.4933,0.3346,0.6895
707,0.4909,0.3513,0.3732,0.5513,0.398,0.4484,0.3366,0.4997
708,0.8153,0.6663,0.493,0.4868,0.7108,0.5339,0.7237,0.3927
709,0.6373,0.5088,0.5191,0.6526,0.5091,0.4916,0.4816,0.5732
710,0.6598,0.4529,0.5871,0.6745,0.5688,0.4958,0.4478,0.6978
711,0.5337,0.4539,0.5872,0.5581,0.4112,0.4097,0.3838,0.608
712,0.5339,0.3288,0.3341,0.6149,0.5136,0.5608,0.3119,0.6234
713,0.6798,0.6318,0.4885,0.5077,0.5401,0.4722,0.6877,0.4129
714,0.5352,0.2959,0.3609,0.6091,0.4416,0.4797,0.3304,0.5302
715,0.552,0.5213,0.3454,0.324,0.5577,0.4594,0.5053,0.3565
716,0.5759,0.6206,0.4579,0.4879,0.5666,0.5155,0.6097,0.4357
717,0.7464,0.7897,0.6584,0.4225,0.6316,0.4766,0.7888,0.3736
718,0.5893,0.2882,0.3369,0.689,0.5282,0.5464,0.3847,0.6008
719,0.636,0.6297,0.4884,0.5617,0.6355,0.5913,0.625,0.4577
720,0.7695,0.6823,0.4943,0.4641,0.6292,0.4754,0.7123,0.3396
721,0.6709,0.5885,0.6632,0.5435,0.5788,0.4652,0.3946,0.529
722,0.5873,0.473,0.5359,0.4981,0.5743,0.5148,0.3161,0.6458
723,0.5632,0.5923,0.4565,0.5066,0.651,0.6608,0.5576,0.5488
724,0.5483,0.3332,0.4767,0.6375,0.6089,0.588,0.3159,0.7685
725,0.609,0.694,0.5611,0.4842,0.5136,0.4771,0.6381,0.3554
726,0.6716,0.6727,0.5231,0.4231,0.6059,0.463,0.6764,0.3228
727,0.5106,0.5659,0.4504,0.3735,0.4234,0.3614,0.5498,0.3051
728,0.5106,0.5297,0.3715,0.4325,0.4676,0.4322,0.499,0.3703
729,0.4517,0.2861,0.3026,0.542,0.3993,0.4325,0.2583,0.5152
730,0.7069,0.5848,0.6454,0.5894,0.6217,0.4912,0.4059,0.5544
731,0.6854,0.412,0.4888,0.7214,0.6053,0.5914,0.512,0.6581
732,0.5918,0.6342,0.4756,0.4745,0.4996,0.4638,0.6293,0.3366
733,0.6609,0.6328,0.4976,0.3729,0.5836,0.4245,0.6296,0.3217
734,0.7598,0.5596,0.5854,0.7783,0.633,0.6319,0.6543,0.6847
735,0.6525,0.4616,0.5266,0.5347,0.5308,0.4168,0.3581,0.5258
736,0.7611,0.6786,0.7562,0.6054,0.6276,0.5194,0.5192,0.6013
737,0.764,0.6819,0.7671,0.6079,0.6256,0.5146,0.4735,0.6077
738,0.4367,0.4585,0.2982,0.2602,0.5136,0.4591,0.4623,0.372
739,0.5544,0.4204,0.4308,0.6105,0.5547,0.5495,0.3929,0.6896
740,0.6038,0.6983,0.5527,0.4815,0.5042,0.4536,0.6391,0.3476
741,0.6942,0.6536,0.7264,0.5765,0.5891,0.458,0.4392,0.5857
742,0.6122,0.5749,0.3987,0.3768,0.6159,0.4521,0.5324,0.3514
743,0.525,0.408,0.4808,0.4254,0.4812,0.4171,0.2159,0.5324
744,0.5753,0.3647,0.3933,0.5995,0.461,0.4876,0.3869,0.5222
745,0.469,0.3543,0.3788,0.5454,0.3974,0.4244,0.3191,0.4911
746,0.529,0.6322,0.5091,0.4204,0.4525,0.3937,0.6105,0.3253
747,0.5331,0.4304,0.5441,0.5675,0.4472,0.4254,0.4299,0.6324
748,0.6129,0.4339,0.5236,0.5035,0.514,0.4076,0.2852,0.4951
749,0.5005,0.4907,0.38,0.4506,0.5147,0.485,0.5178,0.3544
750,0.7901,0.6827,0.5282,0.4918,0.6806,0.5054,0.7658,0.3634
751,0.6248,0.4034,0.4383,0.6911,0.5561,0.5683,0.4387,0.6387
752,0.5826,0.3636,0.3887,0.6608,0.5947,0.6036,0.3582,0.6755
753,0.6006,0.5654,0.6619,0.6194,0.51,0.4513,0.4439,0.6767
754,0.5564,0.4595,0.5329,0.4629,0.5097,0.375,0.2623,0.4775
755,0.6709,0.6173,0.6481,0.7041,0.5537,0.5428,0.5434,0.6453
756,0.3944,0.2394,0.3816,0.4958,0.3879,0.4296,0.2281,0.5992
757,0.6646,0.5705,0.6222,0.5601,0.562,0.4304,0.3763,0.5592
758,0.7185,0.7722,0.6664,0.6113,0.6241,0.5414,0.7859,0.4522
759,0.7373,0.5693,0.5942,0.7437,0.6113,0.6121,0.6195,0.6935
760,0.5724,0.4781,0.4755,0.6354,0.5097,0.4932,0.4282,0.5711
761,0.7007,0.5908,0.6674,0.558,0.6051,0.4583,0.414,0.5539
762,0.5853,0.6219,0.4707,0.3035,0.4963,0.3662,0.6055,0.2204
763,0.6794,0.7299,0.5923,0.536,0.5629,0.4806,0.7022,0.414
764,0.7149,0.7175,0.591,0.5945,0.5792,0.5253,0.7403,0.4015
765,0.6518,0.5393,0.596,0.5783,0.6662,0.5457,0.333,0.6695
766,0.6841,0.4567,0.4506,0.6672,0.5712,0.5652,0.4753,0.6165
767,0.507,0.4921,0.3419,0.4083,0.4305,0.4403,0.5026,0.298
768,0.4951,0.3529,0.4958,0.5806,0.5291,0.5094,0.2723,0.7731
769,0.5723,0.5115,0.6297,0.4602,0.517,0.3873,0.3353,0.4795
770,0.5477,0.4668,0.5063,0.5442,0.4405,0.4478,0.3973,0.5184
771,0.5074,0.3939,0.3862,0.5204,0.4498,0.4458,0.3425,0.5297
772,0.6976,0.6964,0.5327,0.5553,0.5587,0.5233,0.7093,0.4349
773,0.5423,0.6119,0.4595,0.2606,0.485,0.3452,0.5752,0.1953
774,0.5869,0.4285,0.4939,0.4549,0.4821,0.3634,0.2503,0.4752
775,0.5735,0.4181,0.4919,0.4483,0.4668,0.3886,0.245,0.4751
776,0.5326,0.3852,0.5435,0.638,0.5534,0.5315,0.3343,0.7556
777,0.6977,0.5249,0.5306,0.711,0.5816,0.557,0.5567,0.637
778,0.5568,0.5448,0.4232,0.4088,0.4291,0.4204,0.5437,0.2997
779,0.3758,0.2273,0.3917,0.478,0.4513,0.4574,0.1907,0.7096
780,0.6908,0.6287,0.478,0.5287,0.5855,0.4902,0.6501,0.438
781,0.5759,0.3418,0.4996,0.5896,0.4918,0.4579,0.4006,0.6535
782,0.5871,0.4944,0.4902,0.6095,0.4996,0.4862,0.426,0.5536
783,0.6239,0.6849,0.5228,0.366,0.5272,0.3842,0.6567,0.2652
784,0.6495,0.4506,0.5959,0.6997,0.5447,0.5191,0.4725,0.7435
785,0.6536,0.4356,0.4699,0.6755,0.557,0.5366,0.4989,0.6267
786,0.6079,0.4288,0.5215,0.634,0.4957,0.4537,0.4251,0.6625
787,0.5544,0.4843,0.3806,0.4671,0.503,0.4434,0.557,0.34
788,0.6421,0.6211,0.5243,0.6134,0.6628,0.6353,0.6148,0.5334
789,0.7945,0.6833,0.5255,0.4831,0.7125,0.5715,0.7703,0.3934
790,0.6507,0.4966,0.5607,0.564,0.6241,0.4646,0.3019,0.5744
791,0.5238,0.3461,0.3632,0.6375,0.5453,0.5488,0.3266,0.6601
792,0.6419,0.5125,0.5832,0.5102,0.517,0.387,0.334,0.519
793,0.7524,0.5721,0.5576,0.7694,0.6205,0.5915,0.6223,0.6797
794,0.6056,0.4915,0.5798,0.5055,0.5942,0.5024,0.2958,0.6117
795,0.6267,0.5499,0.3986,0.3653,0.5339,0.4257,0.5904,0.2802
796,0.6374,0.5803,0.6121,0.6886,0.5319,0.5173,0.5555,0.6041
797,0.6363,0.5726,0.6394,0.4721,0.5853,0.445,0.3727,0.5205
798,0.6093,0.5057,0.5351,0.6399,0.5206,0.5278,0.4649,0.6137
799,0.5941,0.4057,0.416,0.6759,0.547,0.5263,0.4389,0.6038
800,0.5832,0.5899,0.4578,0.4812,0.5326,0.4822,0.6016,0.4174
801,0.5619,0.5874,0.4284,0.4439,0.5357,0.4535,0.6009,0.3913
802,0.5939,0.4234,0.4468,0.6243,0.4648,0.4713,0.4405,0.5471
803,0.6447,0.4654,0.4724,0.6629,0.5161,0.5143,0.532,0.5969
804,0.5516,0.6657,0.5381,0.4385,0.4503,0.3918,0.6113,0.3061
805,0.642,0.6908,0.4947,0.3302,0.5457,0.4009,0.6186,0.2931
806,0.6691,0.5991,0.4832,0.5352,0.5672,0.5046,0.6334,0.4145
807,0.5643,0.426,0.5114,0.5013,0.5429,0.477,0.2557,0.548
808,0.6092,0.3318,0.4808,0.6206,0.5294,0.4805,0.3527,0.6499
809,0.5676,0.4188,0.5015,0.4669,0.5026,0.4027,0.2903,0.4619
810,0.7096,0.6287,0.4776,0.5881,0.6168,0.527,0.6654,0.438
811,0.4516,0.271,0.4367,0.5197,0.4505,0.3964,0.3054,0.5753
812,0.6079,0.5891,0.4711,0.483,0.4802,0.4361,0.6395,0.3292
813,0.6979,0.4825,0.5592,0.6387,0.6271,0.5089,0.363,0.5966
814,0.6208,0.3441,0.3928,0.7445,0.6069,0.5862,0.4128,0.6424
815,0.4884,0.3652,0.4556,0.5417,0.3989,0.3965,0.3348,0.5834
816,0.682,0.3643,0.3791,0.7651,0.6343,0.5809,0.4429,0.6702
817,0.6128,0.4667,0.5829,0.6404,0.5018,0.4495,0.4797,0.6844
818,0.5338,0.3731,0.5321,0.5868,0.4669,0.406,0.4506,0.6037
819,0.6199,0.5872,0.4653,0.5859,0.683,0.6619,0.6016,0.5512
820,0.7709,0.4436,0.4516,0.8603,0.7048,0.6719,0.5534,0.7324
821,0.6335,0.5515,0.6319,0.5203,0.5482,0.4415,0.3768,0.5466
822,0.5952,0.4427,0.4887,0.5235,0.5702,0.4825,0.2436,0.5967
823,0.5471,0.413,0.4043,0.5632,0.4785,0.5359,0.3775,0.6379
824,0.5039,0.3682,0.3716,0.5358,0.4856,0.4791,0.3433,0.575
825,0.619,0.3851,0.4378,0.6668,0.5385,0.5186,0.4448,0.6179
826,0.8252,0.564,0.6299,0.6313,0.6505,0.5247,0.469,0.6174
827,0.7775,0.4895,0.5674,0.6308,0.6695,0.5676,0.4311,0.5896
828,0.4469,0.4079,0.5256,0.4778,0.3581,0.3418,0.3136,0.5392
829,0.4927,0.3567,0.3555,0.5351,0.4562,0.5137,0.3441,0.6141
830,0.5396,0.3987,0.5479,0.5354,0.436,0.3866,0.4149,0.579
831,0.6554,0.6162,0.7214,0.5547,0.5487,0.4278,0.3985,0.5341
832,0.6084,0.46,0.558,0.5329,0.5654,0.4695,0.2563,0.5551
833,0.6496,0.4355,0.5488,0.699,0.5734,0.5248,0.4313,0.7092
834,0.5338,0.2613,0.3044,0.6519,0.5798,0.5614,0.351,0.6262
835,0.6256,0.4522,0.5515,0.5734,0.6116,0.5055,0.2868,0.5686
836,0.6401,0.4196,0.5338,0.5619,0.5789,0.4573,0.3138,0.5221
837,0.551,0.6778,0.5651,0.4374,0.4789,0.3997,0.6177,0.3005
838,0.6375,0.5914,0.6673,0.4635,0.536,0.4008,0.357,0.5067
839,0.5641,0.2898,0.4512,0.629,0.5076,0.4433,0.353,0.6674
840,0.6137,0.5548,0.6271,0.4988,0.5177,0.3795,0.3062,0.5028
841,0.5346,0.3375,0.4099,0.602,0.4474,0.5155,0.3702,0.5376
842,0.5327,0.4306,0.4621,0.5925,0.4427,0.4661,0.3973,0.5193
843,0.7089,0.6245,0.4495,0.4104,0.6069,0.4588,0.6513,0.2988
844,0.6009,0.5458,0.3684,0.3326,0.4837,0.3574,0.5942,0.2541
845,0.5875,0.596,0.4753,0.4806,0.4885,0.4393,0.6284,0.3331
846,0.5471,0.4646,0.5345,0.4368,0.4673,0.3684,0.253,0.4399
847,0.6098,0.6826,0.5236,0.4898,0.5171,0.4564,0.6519,0.3728
848,0.5997,0.3337,0.3446,0.6934,0.5958,0.5888,0.3824,0.6631
849,0.6137,0.534,0.6628,0.5129,0.5536,0.424,0.359,0.5347
850,0.5861,0.5392,0.3965,0.4601,0.5009,0.4817,0.5655,0.3585
851,0.4787,0.4619,0.3562,0.4047,0.4296,0.4426,0.5083,0.2862
852,0.6944,0.6041,0.6539,0.5413,0.5963,0.4739,0.401,0.5917
853,0.619,0.3522,0.4201,0.6895,0.5152,0.5312,0.4437,0.5787
854,0.5297,0.3483,0.4172,0.5971,0.4582,0.4504,0.3979,0.5443
855,0.4705,0.315,0.441,0.4667,0.3567,0.333,0.3007,0.5819
856,0.8092,0.7853,0.6132,0.5079,0.6778,0.5065,0.8372,0.3714
857,0.7237,0.5823,0.6767,0.5663,0.6143,0.4854,0.4443,0.5815
858,0.5911,0.4762,0.5442,0.4757,0.5347,0.4468,0.2873,0.5279
859,0.6862,0.7401,0.5968,0.567,0.5772,0.5241,0.7262,0.4239
860,0.4566,0.2785,0.2868,0.5478,0.4462,0.4591,0.2721,0.557
861,0.531,0.417,0.5403,0.5808,0.5535,0.5429,0.3518,0.7933
862,0.6109,0.4229,0.5239,0.4656,0.5256,0.3816,0.2783,0.4958
863,0.6273,0.6195,0.4398,0.337,0.5415,0.376,0.5922,0.2611
864,0.5476,0.5515,0.4151,0.4511,0.4788,0.4183,0.5679,0.3442
865,0.5853,0.6616,0.5434,0.494,0.5156,0.4736,0.6406,0.3728
866,0.5618,0.418,0.4254,0.6528,0.5406,0.5718,0.4029,0.6553
867,0.6717,0.521,0.3835,0.4189,0.6174,0.4816,0.5938,0.3361
868,0.6477,0.4568,0.4426,0.6886,0.5665,0.6024,0.4396,0.6496
869,0.6738,0.5829,0.4609,0.3988,0.5604,0.4164,0.6668,0.2962
870,0.7036,0.5454,0.6507,0.5599,0.5874,0.4664,0.4016,0.5509
871,0.6497,0.4544,0.4645,0.7342,0.6133,0.6436,0.4177,0.6913
872,0.4804,0.3491,0.3763,0.5393,0.3957,0.3915,0.3116,0.4985
873,0.7046,0.496,0.6298,0.7279,0.5895,0.5283,0.5208,0.7202
874,0.5546,0.5995,0.4146,0.4043,0.5367,0.5376,0.5541,0.5205
875,0.5851,0.6108,0.448,0.3256,0.5066,0.4165,0.5629,0.2744
876,0.5909,0.4186,0.503,0.4842,0.4863,0.3719,0.2568,0.4379
877,0.7231,0.6006,0.4813,0.6469,0.6242,0.5704,0.7233,0.4513
878,0.7097,0.6253,0.4982,0.4347,0.6048,0.4661,0.6899,0.3588
879,0.6195,0.5912,0.407,0.3284,0.5491,0.39,0.5967,0.2329
880,0.5542,0.5432,0.3867,0.2832,0.4942,0.3464,0.5807,0.225
881,0.632,0.7074,0.5273,0.3128,0.5148,0.3748,0.6485,0.244
882,0.6908,0.5035,0.5598,0.6127,0.6973,0.6053,0.3119,0.7075
883,0.5064,0.4714,0.3101,0.2876,0.5367,0.4291,0.4613,0.3199
884,0.6682,0.6196,0.4621,0.6159,0.673,0.6627,0.5665,0.5777
885,0.7432,0.5657,0.563,0.7557,0.6179,0.5935,0.5723,0.6488
886,0.5092,0.5919,0.441,0.3614,0.439,0.4049,0.5313,0.2806
887,0.5694,0.316,0.3589,0.6082,0.49,0.5086,0.3406,0.5699
888,0.4247,0.3302,0.4988,0.4963,0.4378,0.4205,0.3061,0.6779
889,0.4339,0.2957,0.3047,0.5159,0.3806,0.4432,0.2513,0.5067
890,0.6019,0.4532,0.5323,0.5167,0.5672,0.4377,0.2875,0.5424
891,0.6572,0.4541,0.5692,0.5967,0.6377,0.4848,0.3217,0.6132
892,0.6857,0.5792,0.4571,0.6112,0.6558,0.5828,0.6622,0.4788
893,0.6023,0.4549,0.4956,0.4753,0.4888,0.3724,0.285,0.4905
894,0.664,0.4258,0.4059,0.7259,0.6037,0.5708,0.4615,0.6105
895,0.6508,0.7611,0.5891,0.5312,0.544,0.4731,0.7258,0.4068
896,0.5015,0.2895,0.4242,0.5605,0.5263,0.4343,0.2768,0.6434
897,0.6735,0.4454,0.5238,0.6329,0.6886,0.5588,0.3288,0.6542
898,0.8023,0.6649,0.7572,0.6443,0.6711,0.5191,0.5455,0.6473
899,0.536,0.3943,0.4108,0.6598,0.5758,0.5994,0.3841,0.7246
900,0.5731,0.6033,0.4663,0.4667,0.4855,0.4382,0.5883,0.3365
901,0.6778,0.4881,0.5784,0.5421,0.539,0.4256,0.3711,0.5208
902,0.658,0.4203,0.525,0.4984,0.5476,0.4283,0.3029,0.5205
903,0.554,0.4687,0.5777,0.4636,0.4932,0.3743,0.2859,0.4947
904,0.4722,0.2928,0.3236,0.5491,0.4247,0.4262,0.2601,0.4632
905,0.6792,0.5913,0.6767,0.5741,0.5793,0.454,0.37,0.5859
906,0.5827,0.5232,0.4117,0.4731,0.5096,0.4439,0.5882,0.364
907,0.5773,0.4101,0.4448,0.657,0.5859,0.598,0.3937,0.7023
908,0.427,0.2834,0.4492,0.4668,0.3614,0.3281,0.2775,0.5476
909,0.478,0.2943,0.4334,0.5941,0.5247,0.5277,0.2252,0.7316
910,0.6578,0.5558,0.3898,0.6055,0.6952,0.5825,0.605,0.4889
911,0.5906,0.5966,0.4412,0.2907,0.5123,0.3603,0.6071,0.2129
912,0.7497,0.786,0.6227,0.6285,0.6413,0.5408,0.8158,0.4481
913,0.6322,0.6421,0.5073,0.5032,0.5769,0.514,0.6666,0.4016
914,0.7773,0.8788,0.7005,0.4262,0.6101,0.4923,0.7814,0.3322
915,0.5917,0.5478,0.5507,0.6234,0.4651,0.4752,0.4532,0.5562
916,0.5759,0.4601,0.4779,0.6202,0.492,0.4902,0.4106,0.5929
917,0.6188,0.6277,0.4857,0.3739,0.5372,0.4263,0.6776,0.2184
918,0.7295,0.7031,0.8147,0.6082,0.6431,0.5183,0.5097,0.6126
919,0.4829,0.3475,0.3796,0.5528,0.533,0.5555,0.3134,0.6975
920,0.6737,0.3524,0.4159,0.767,0.5933,0.6008,0.4438,0.661
921,0.5518,0.5067,0.3554,0.4996,0.5532,0.491,0.5083,0.364
922,0.4907,0.5003,0.3634,0.3895,0.4121,0.3809,0.5037,0.2719
923,0.7007,0.4234,0.4854,0.6128,0.6333,0.5105,0.3185,0.608
924,0.7985,0.7034,0.4989,0.4727,0.6687,0.498,0.7395,0.4037
925,0.6825,0.6174,0.6878,0.5632,0.5865,0.4751,0.385,0.5811
926,0.7429,0.6958,0.5302,0.6091,0.6212,0.5809,0.7079,0.4582
927,0.5891,0.4221,0.424,0.5863,0.4694,0.4718,0.4206,0.512
928,0.6017,0.408,0.4326,0.6285,0.4867,0.5182,0.3924,0.5613
929,0.7107,0.4879,0.5667,0.5539,0.5798,0.4609,0.3667,0.55
930,0.5793,0.4041,0.4402,0.6144,0.4805,0.4834,0.403,0.5641
931,0.5232,0.3986,0.5914,0.5553,0.4486,0.4311,0.4647,0.6208
932,0.587,0.5355,0.5625,0.6045,0.4718,0.4891,0.4403,0.5441
933,0.6342,0.5643,0.6352,0.5307,0.5512,0.4185,0.3505,0.5366
934,0.6027,0.4425,0.5761,0.5177,0.5409,0.4327,0.3405,0.4896
935,0.5887,0.4518,0.458,0.6126,0.4805,0.494,0.4557,0.576
936,0.6663,0.4665,0.5426,0.6448,0.6885,0.6241,0.2749,0.7036
937,0.5707,0.339,0.4491,0.5772,0.45,0.4134,0.3662,0.6274
938,0.7144,0.6364,0.6721,0.6047,0.6368,0.4853,0.4344,0.5889
939,0.5553,0.4389,0.4629,0.6213,0.467,0.4829,0.4175,0.5422
940,0.6625,0.6527,0.5011,0.3905,0.6046,0.4259,0.6804,0.3284
941,0.6211,0.5208,0.5578,0.6784,0.499,0.5238,0.4574,0.594
942,0.7676,0.7688,0.5807,0.4522,0.6202,0.4704,0.8272,0.3732
943,0.7121,0.8131,0.6323,0.4097,0.5751,0.4256,0.7487,0.2988
944,0.675,0.6936,0.5503,0.5485,0.5773,0.4981,0.6768,0.3895
945,0.7084,0.5827,0.4516,0.6383,0.6636,0.5706,0.6967,0.4758
946,0.5872,0.5783,0.4411,0.3181,0.5164,0.3639,0.6105,0.2514
947,0.4436,0.4657,0.357,0.209,0.4863,0.3916,0.4758,0.3136
948,0.6207,0.6255,0.485,0.3333,0.5649,0.3936,0.6363,0.2725
949,0.3903,0.2522,0.3033,0.4884,0.4,0.4413,0.2572,0.5877
950,0.506,0.3889,0.5029,0.445,0.5417,0.4906,0.233,0.6073
951,0.5408,0.5485,0.4089,0.2511,0.4964,0.3243,0.5444,0.2104
952,0.7151,0.7181,0.5393,0.404,0.5805,0.4512,0.7311,0.2933
953,0.5313,0.3094,0.2994,0.6637,0.5773,0.6264,0.2992,0.7033
954,0.5909,0.5644,0.4323,0.3546,0.5656,0.4192,0.598,0.3193
955,0.5249,0.4551,0.5861,0.5347,0.4281,0.4062,0.3821,0.6447
956,0.7221,0.6049,0.4551,0.5193,0.6675,0.52,0.6737,0.3831
957,0.591,0.5025,0.5572,0.4666,0.4889,0.3591,0.2627,0.453
958,0.5795,0.5642,0.4425,0.3294,0.5458,0.3663,0.5891,0.2679
959,0.6923,0.5506,0.6435,0.5669,0.5974,0.4475,0.4326,0.5752
960,0.6038,0.7118,0.5762,0.5083,0.5124,0.4553,0.6355,0.3982
961,0.6967,0.5316,0.6116,0.5516,0.5999,0.4815,0.3942,0.5718
962,0.423,0.2724,0.4401,0.5115,0.4105,0.4356,0.2318,0.6139
963,0.8146,0.5509,0.6712,0.7079,0.7251,0.5766,0.5025,0.6534
964,0.622,0.5418,0.3911,0.3448,0.5099,0.3742,0.5809,0.2537
965,0.523,0.3896,0.5265,0.6486,0.5723,0.5618,0.3701,0.8323
966,0.6954,0.618,0.4528,0.4054,0.5758,0.4769,0.6655,0.3142
967,0.6411,0.5333,0.3957,0.5659,0.652,0.5732,0.5674,0.4685
968,0.716,0.6506,0.7211,0.5912,0.6028,0.5225,0.4473,0.5968
969,0.4802,0.2995,0.3379,0.5365,0.4333,0.4295,0.3494,0.4674
970,0.7472,0.4443,0.4175,0.8091,0.6343,0.6518,0.5327,0.7156
971,0.5698,0.3732,0.5233,0.6245,0.5007,0.4757,0.4277,0.6506
972,0.4853,0.3183,0.3653,0.5481,0.4059,0.4173,0.3554,0.5166
973,0.4977,0.3607,0.3962,0.537,0.3845,0.3995,0.318,0.488
974,0.5533,0.3734,0.4786,0.6206,0.5745,0.5582,0.3329,0.7791
975,0.5232,0.5209,0.3595,0.2708,0.4628,0.3454,0.5424,0.2156
976,0.6463,0.5559,0.5102,0.6238,0.5227,0.5093,0.4678,0.6265
977,0.5938,0.3983,0.4356,0.6601,0.5657,0.5498,0.4162,0.6025
978,0.5793,0.6058,0.4385,0.5315,0.5583,0.5338,0.5493,0.4993
979,0.6362,0.4997,0.6005,0.5156,0.5464,0.4148,0.3391,0.5194
980,0.7342,0.6,0.6862,0.5954,0.6057,0.4715,0.4533,0.5682
981,0.5776,0.4404,0.4383,0.6802,0.5633,0.6106,0.4033,0.7032
982,0.5023,0.3437,0.3615,0.5359,0.3989,0.4156,0.311,0.4843
983,0.6153,0.6789,0.5248,0.4847,0.5033,0.4519,0.6712,0.388
984,0.5752,0.4112,0.4268,0.6085,0.4732,0.4705,0.4379,0.5329
985,0.6814,0.5701,0.6659,0.537,0.5765,0.4489,0.3931,0.5325
986,0.5689,0.6041,0.4488,0.4811,0.5137,0.4853,0.5575,0.3963
987,0.5795,0.5901,0.4004,0.3271,0.4949,0.3726,0.5907,0.2429
988,0.5998,0.5698,0.4568,0.52,0.5528,0.5158,0.6142,0.4021
989,0.6249,0.3984,0.4893,0.5682,0.6015,0.4714,0.3027,0.5578
990,0.441,0.3727,0.5033,0.4658,0.3931,0.3534,0.3113,0.5673
991,0.5963,0.7109,0.567,0.4578,0.5014,0.424,0.6573,0.3207
992,0.5951,0.4985,0.5315,0.6197,0.5135,0.5285,0.4576,0.612
993,0.6118,0.6936,0.5602,0.3462,0.5425,0.3987,0.6613,0.2719
994,0.5507,0.3382,0.4808,0.58,0.477,0.4427,0.3756,0.6439
995,0.5428,0.4361,0.542,0.5554,0.4365,0.4075,0.3602,0.6514
996,0.5507,0.6144,0.4973,0.4469,0.461,0.3886,0.5769,0.3192
997,0.4637,0.3092,0.4704,0.5258,0.4022,0.3634,0.3583,0.5966
998,0.6141,0.5936,0.4106,0.4465,0.5105,0.4322,0.6255,0.3503
999,0.6722,0.5729,0.6631,0.5336,0.6024,0.4833,0.4014,0.5861
